Authentication (Sanctum),"Paano mo i-verify ang user identity?",,"Gamitin ang authentication (Sanctum)."
Mail & Mailables,"Paano mo magpapadala ng emails?",,"Gamitin ang mail at mailables."
Queue System,"Paano mo i-process ang heavy tasks sa background?",,"Gamitin ang queue system."
Task Scheduling,"Paano mo i-automate ang cron jobs?",,"Gamitin ang task scheduling."
Broadcasting,"Paano mo gagawin ang real-time na communication?",,"Gamitin ang broadcasting."
Third-party Integrations,"Paano mo i-connect ang app sa external services?",,"Gamitin ang third-party integrations."
Authentication (Sanctum),"Ano ang tawag sa pag-verify ng user identity?",,"Authentication (Sanctum)."
Mail & Mailables,"Ano ang tawag sa pagpapadala ng emails?",,"Mail at mailables."
Queue System,"Ano ang tawag sa background processing ng heavy tasks?",,"Queue system."
Task Scheduling,"Ano ang tawag sa awtomatikong pagpapatakbo ng cron jobs?",,"Task scheduling."
Broadcasting,"Ano ang tawag sa real-time na communication sa clients?",,"Broadcasting."
Third-party Integrations,"Ano ang tawag sa pag-connect sa external services?",,"Third-party integrations."
