Query Optimization,"Ang {{c1::Query Optimization}} ay ang pagpapabilis ng mabagal na queries.",,Query Optimization
Memory Management,"Ang {{c1::Memory Management}} ay ang pagbawas ng memory usage.",,Memory Management
Query Optimization,"Ang {{c1::Query Optimization}} ay pagpapabilis ng mabagal na queries.",,Query Optimization
Memory Management,"Ang {{c1::Memory Management}} ay pagbawas ng memory usage.",,Memory Management
Query Optimization,"Ang {{c1::Query Optimization}} ay para sa query performance.",,Query Optimization
Memory Management,"Ang {{c1::Memory Management}} ay para sa efficient na memory usage.",,Memory Management
Query Optimization,"Paano mo pabilisin ang mabagal na queries?",,"Gamitin ang query optimization."
Memory Management,"Paano mo babawasan ang memory usage?",,"Gamitin ang memory management."
Query Optimization,"Ano ang tawag sa pagpapabilis ng mabagal na queries?",,"Query optimization."
Memory Management,"Ano ang tawag sa pagbawas ng memory usage?",,"Memory management."
Query Optimization,"Ano ang benefit ng query optimization?",,"Mas mabilis na queries."
Memory Management,"Ano ang benefit ng memory management?",,"Mas efficient na memory usage."
