Micro-frontends,"Paano mag-implement ng micro-frontends sa React Native?",,"I-separate ang app sa independent modules gamit ang Module Federation o custom bundling."
Micro-frontends,"Ano ang advantage ng micro-frontends sa large apps?",,"Independent deployment at scaling ng features nang walang impact sa ibang modules."
Code Push,"Paano mag-setup ng Code Push sa React Native?",,"I-install ang react-native-code-push at i-configure ang deployment keys per platform."
Code Push,"Paano mag-push ng紧急 fix gamit ang Code Push?",,"I-build ang JavaScript bundle, i-upload sa Code Push server, at i-sync sa devices."
A/B Testing,"Paano mag-setup ng A/B testing sa React Native?",,"I-install ang analytics SDK, i-create ang experiment variants, at i-track ang conversions."
A/B Testing,"Paano mag-analyze ang results ng A/B test?",,"Gamit ang analytics dashboard, i-compare ang conversion rates at mag-decision based sa data."
Accessibility,"Paano mag-implement ng accessibility sa React Native?",,"I-add ang accessibilityLabel, accessibilityRole, at accessibilityHint sa bawat interactive element."
Accessibility,"Paano mag-test ng accessibility sa React Native app?",,"Gamit ang screen reader (VoiceOver/TalkBack) at i-navigate sa app para ma-verify ang experience."
Internationalization,"Paano mag-setup ng i18n sa React Native?",,"I-install ang react-native-localize at i18n library, at i-create ang translation JSON files."
Internationalization,"Paano mag-switch ng language sa runtime?",,"Gamit ang i18n.changeLanguage() method at i-update ang locale state para mag-re-render."
Security Hardening,"Paano mag-secure ng sensitive data sa React Native?",,"Gamit ang react-native-keychain para sa credentials at i-encrypt ang local storage."
Security Hardening,"Paano mag-implement ng certificate pinning?",,"I-configure ang network security config at i-add ang SSL pinning sa native side."
